<?xml version="1.0" encoding="UTF-8" standalone="yes"?>
<addon id="service.stay.alive" name="Stay Alive" version="0.0.1" provider-name="vonsagar">
    <requires>
        <import addon="xbmc.python" version="2.25.0"/>


    </requires>
    <extension point="xbmc.service" library="main.py" start="startup"/>
    <extension point="xbmc.addon.metadata">
        <summary lang="en_GB">Stay kodi alive (for boxes with power saver)</summary>
        <description lang="en_GB"></description>
        <language></language>
        <platform>all</platform>
        <license>UNLICENSED</license>
        <forum></forum>
        <website></website>
        <email>pr00mek@gmail.com</email>
        <source></source>
        <news></news>
        <disclaimer></disclaimer>
        <assets>
            <icon>resources/icon.png</icon>
            <fanart>resources/fanart.jpg</fanart>
        </assets>
    </extension>
</addon>
