<?xml version="1.0" encoding="UTF-8" standalone="yes"?>
	    <addon id="repository.vonsagar" name="vonsagar repo" version="0.1" provider-name="vonsagar">
			<extension point="xbmc.addon.repository" name="vonsagar repo">
				<dir>
					<info compressed="false">https://raw.githubusercontent.com/vonsagar/vonsagar_kodi/master/addons.xml</info>
					<checksum>https://raw.githubusercontent.com/vonsagar/vonsagar_kodi/master/addons.xml.md5</checksum>
					<datadir zip="true">https://raw.githubusercontent.com/vonsagar/vonsagar_kodi/master/</datadir>
				</dir>
			</extension>
    </addon>